Workbook

Sheet total2
A1: 동별(2) | B1: 주민등록 인구 수(성별, 국적 무관) | C1: 등록 외국인 수 | D1: 1인 가구 인구(연령 무관) | E1: 5대 범죄 발생 건수 | F1: 녹지 개수 | G1: 녹지 면적 (㎡) | H1: 가로등 개수 | I1: 생활 환경 만족도 종합 | J1: 월평균 소득(2024년1분기) | K1: 유흥업소 수(신주소가 없는 곳 제외) | L1: 방범용 cctv 대수 | M1: 대중교통 이용 건수 | N1: 경찰서(지구대 포함) | O1: 소방서 | P1: 병원 수 | Q1: 횡단보도 개수 | R1: 신호등 개수 | S1: 여성안심지킴이집 수(도로명주소기준) | T1: 자가용승용차 (대) | U1: 주택가주차장 (면수) | V1: 9-24 청소년 인구 | W1: 면적(제곱킬로미터) | X1: 인구밀도 | Y1: 통합대기환경지수 | Z1: 이산화질소 농도(단위:ppm) | AA1: 오존 농도(단위:ppm) | AB1: 일산화탄소 농도(단위:ppm) | AC1: 아황산가스 농도(단위:ppm) | AD1: 미세먼지 농도(단위:㎍/㎥) | AE1: 초미세먼지 농도(단위:㎍/㎥) | AF1: 외식업 | AG1: 서비스업 | AH1: 소매업 | AI1: 공공시설의 수 | AJ1: 커피 전문점 수 | AK1: 편의점 수 | AL1: 지하철 역개수 | AM1: 버스 정류장 수
A2: 강남구 | B2: 559720 | C2: 5440 | D2: 73579 | E2: 6947 | F2: 423 | G2: 2002549.5 | H2: 14771 | I2: 6.81 | J2: 4943841 | K2: 167 | L2: =6829 -> 6829 | M2: 263148318 | N2: 23 | O2: 7 | P2: 2815 | Q2: 1079 | R2: 562 | S2: 108 | T2: 214156 | U2: 211426 | V2: 95929 | W2: 39.5 | X2: =B2/W2 -> 14170.127 | Y2: 49 | Z2: 0.02 | AA2: 0.03 | AB2: 0.4 | AC2: 0.002 | AD2: 16 | AE2: 10 | AF2: 2248 | AG2: 2653 | AH2: 3953 | AI2: 486 | AJ2: 1737 | AK2: 958 | AL2: 21 | AM2: 421
A3: 강동구 | B3: 465549 | C3: 4182 | D3: 59752 | E3: 3711 | F3: 301 | G3: 606939.4 | H3: 8165 | I3: 6.35 | J3: 3292857 | K3: 101 | L3: 3435 | M3: 87515237 | N3: 17 | O3: 7 | P3: 867 | Q3: 1008 | R3: 625 | S3: 48 | T3: 129380 | U3: 157602 | V3: 65756 | W3: 24.59 | X3: =B3/W3 -> 18932.452 | Y3: 35 | Z3: 0.018 | AA3: 0.022 | AB3: 0.5 | AC3: 0.002 | AD3: 16 | AE3: 11 | AF3: 945 | AG3: 910 | AH3: 2386 | AI3: 346 | AJ3: 705 | AK3: 427 | AL3: 14 | AM3: 289
A4: 강북구 | B4: 291372 | C4: 4972 | D4: 51134 | E4: 2832 | F4: 214 | G4: 139129 | H4: 4379 | I4: 5.58 | J4: 2547460 | K4: 67 | L4: 3191 | M4: 88255787 | N4: 15 | O4: 5 | P4: 466 | Q4: 1094 | R4: 626 | S4: 25 | T4: 60580 | U4: 74784 | V4: 37497 | W4: 23.6 | X4: =B4/W4 -> 12346.271 | Y4: 43 | Z4: 0.004 | AA4: 0.026 | AB4: 0.3 | AC4: 0.002 | AD4: 16 | AE4: 8 | AF4: 716 | AG4: 549 | AH4: 1384 | AI4: 225 | AJ4: 451 | AK4: 302 | AL4: 3 | AM4: 195
A5: 강서구 | B5: 567159 | C5: 5773 | D5: 100695 | E5: 4663 | F5: 360 | G5: 1152971 | H5: 10433 | I5: 6.62 | J5: 3160623 | K5: 127 | L5: 3397 | M5: 125896852 | N5: 13 | O5: 7 | P5: 921 | Q5: 1366 | R5: 636 | S5: 32 | T5: 168214 | U5: 175751 | V5: 75140 | W5: 41.45 | X5: =B5/W5 -> 13682.967 | Y5: 53 | Z5: 0.014 | AA5: 0.034 | AB5: 0.3 | AC5: 0.002 | AD5: 15 | AE5: 8 | AF5: 1470 | AG5: 1421 | AH5: 2944 | AI5: 367 | AJ5: 909 | AK5: 622 | AL5: 9 | AM5: 339
A6: 관악구 | B6: 497827 | C6: 15869 | D6: 145433 | E6: 4879 | F6: 300 | G6: 252680 | H6: 5946 | I6: 6.07 | J6: 2771927 | K6: 193 | L6: 4210 | M6: 166188364 | N6: 19 | O6: 5 | P6: 714 | Q6: 1066 | R6: 659 | S6: 51 | T6: 99596 | U6: 112321 | V6: 62620 | W6: 29.57 | X6: =B6/W6 -> 16835.543 | Y6: 41 | Z6: 0.023 | AA6: 0.026 | AB6: 0.3 | AC6: 0.003 | AD6: 19 | AE6: 11 | AF6: 1113 | AG6: 881 | AH6: 1973 | AI6: 310 | AJ6: 697 | AK6: 492 | AL6: 4 | AM6: 260
A7: 광진구 | B7: 350925 | C7: 15820 | D7: 69391 | E7: 3619 | F7: 250 | G7: 290567 | H7: 5105 | I7: 6.8 | J7: 3192971 | K7: 12 | L7: 3421 | M7: 95731490 | N7: 13 | O7: 4 | P7: 564 | Q7: 916 | R7: 661 | S7: 15 | T7: 80880 | U7: 94734 | V7: 48661 | W7: 17.06 | X7: =B7/W7 -> 20570.047 | Y7: 41 | Z7: 0.025 | AA7: 0.02 | AB7: 0.6 | AC7: 0.002 | AD7: 20 | AE7: 10 | AF7: 927 | AG7: 694 | AH7: 1607 | AI7: 194 | AJ7: 745 | AK7: 417 | AL7: 11 | AM7: 170
A8: 구로구 | B8: 414271 | C8: 22884 | D8: 58977 | E8: 3857 | F8: 413 | G8: 681696 | H8: 8688 | I8: 6.63 | J8: 2994059 | K8: 32 | L8: 4265 | M8: 123387880 | N8: 18 | O8: 7 | P8: 601 | Q8: 1128 | R8: 685 | S8: 36 | T8: 115645 | U8: 115044 | V8: 50893 | W8: 20.12 | X8: =B8/W8 -> 20590.01 | Y8: 40 | Z8: 0.014 | AA8: 0.025 | AB8: 0.3 | AC8: 0.003 | AD8: 12 | AE8: 7 | AF8: 793 | AG8: 689 | AH8: 2240 | AI8: 298 | AJ8: 546 | AK8: 410 | AL8: 7 | AM8: 261
A9: 금천구 | B9: 240680 | C9: 13520 | D9: 50528 | E9: 2577 | F9: 213 | G9: 421352 | H9: 5169 | I9: 6.21 | J9: 2632285 | K9: 44 | L9: 2978 | M9: 66752284 | N9: 13 | O9: 3 | P9: 358 | Q9: 975 | R9: 695 | S9: 9 | T9: 71744 | U9: 86111 | V9: 25696 | W9: 13.02 | X9: =B9/W9 -> 18485.407 | Y9: 33 | Z9: 0.018 | AA9: 0.02 | AB9: 0.4 | AC9: 0.003 | AD9: 17 | AE9: 6 | AF9: 652 | AG9: 570 | AH9: 1704 | AI9: 177 | AJ9: 480 | AK9: 340 | AL9: 1 | AM9: 167
A10: 노원구 | B10: 501727 | C10: 4663 | D10: 63022 | E10: 3896 | F10: 415 | G10: 673507 | H10: 9510 | I10: 6.25 | J10: 3195375 | K10: 21 | L10: 2613 | M10: 108740071 | N10: 17 | O10: 6 | P10: 752 | Q10: 1264 | R10: 697 | S10: 27 | T10: 129767 | U10: 136075 | V10: 84208 | W10: 35.44 | X10: =B10/W10 -> 14157.082 | Y10: 37 | Z10: 0.019 | AA10: 0.005 | AB10: 0.4 | AC10: 0.002 | AD10: 27 | AE10: 11 | AF10: 774 | AG10: 841 | AH10: 2248 | AI10: 444 | AJ10: 589 | AK10: 378 | AL10: 13 | AM10: 394
A11: 도봉구 | B11: 308864 | C11: 2518 | D11: 39744 | E11: 2141 | F11: 324 | G11: 266372 | H11: 5032 | I11: 6.36 | J11: 2785111 | K11: 19 | L11: 2196 | M11: 67739876 | N11: 10 | O11: 5 | P11: 375 | Q11: 1170 | R11: 697 | S11: 0 | T11: 76763 | U11: 90581 | V11: 40958 | W11: 20.65 | X11: =B11/W11 -> 14957.094 | Y11: 56 | Z11: 0.01 | AA11: 0.037 | AB11: 0.3 | AC11: 0.002 | AD11: 14 | AE11: 6 | AF11: 498 | AG11: 494 | AH11: 1179 | AI11: 201 | AJ11: 364 | AK11: 270 | AL11: 3 | AM11: 232
A12: 동대문구 | B12: 360211 | C12: 18224 | D12: 68169 | E12: 3253 | F12: 322 | G12: 421368 | H12: 8517 | I12: 6.4 | J12: 3030256 | K12: 53 | L12: 3077 | M12: 97942712 | N12: 21 | O12: 6 | P12: 597 | Q12: 990 | R12: 723 | S12: 39 | T12: 84257 | U12: 98783 | V12: 50488 | W12: 14.22 | X12: =B12/W12 -> 25331.294 | Y12: 52 | Z12: 0.014 | AA12: 0.032 | AB12: 0.3 | AC12: 0.003 | AD12: 16 | AE12: 8 | AF12: 817 | AG12: 614 | AH12: 1908 | AI12: 168 | AJ12: 592 | AK12: 443 | AL12: 6 | AM12: 258
A13: 동작구 | B13: 389576 | C13: 10927 | D13: 71782 | E13: 2735 | F13: 251 | G13: 283028.1 | H13: 6171 | I13: 6.49 | J13: 3454170 | K13: 44 | L13: 2656 | M13: 109377406 | N13: 18 | O13: 5 | P13: 595 | Q13: 1361 | R13: 856 | S13: 27 | T13: 94584 | U13: 110173 | V13: 54027 | W13: 16.36 | X13: =B13/W13 -> 23812.714 | Y13: 37 | Z13: 0.016 | AA13: 0.023 | AB13: 0.3 | AC13: 0.002 | AD13: 18 | AE13: 8 | AF13: 568 | AG13: 595 | AH13: 1484 | AI13: 232 | AJ13: 535 | AK13: 346 | AL13: 12 | AM13: 140
A14: 마포구 | B14: 374962 | C14: 11317 | D14: 70030 | E14: 4096 | F14: 421 | G14: 886405.3 | H14: 9008 | I14: 6.39 | J14: 3832436 | K14: 44 | L14: 3015 | M14: 148131112 | N14: 16 | O14: 7 | P14: 768 | Q14: 1544 | R14: 861 | S14: 33 | T14: 101935 | U14: 114878 | V14: 52245 | W14: 23.85 | X14: =B14/W14 -> 15721.677 | Y14: 57 | Z14: 0.015 | AA14: 0.038 | AB14: 0.3 | AC14: 0.002 | AD14: 15 | AE14: 7 | AF14: 1742 | AG14: 1188 | AH14: 2581 | AI14: 289 | AJ14: 1682 | AK14: 601 | AL14: 16 | AM14: 250
... A26: 중랑구 | B26: 387433 | C26: 5467 | D26: 64334 | E26: 3599 | F26: 294 | G26: 539974 | H26: 7668 | I26: 6.22 | J26: 2598785 | K26: 17 | L26: 4163 | M26: 79293944 | N26: 18 | O26: 5 | P26: 547 | Q26: 2026 | R26: 1611 | S26: 27 | T26: 91504 | U26: 101500 | V26: 45578 | W26: 18.5 | X26: =B26/W26 -> 20942.324 | Y26: 29 | Z26: 0.016 | AA26: 0.018 | AB26: 0.3 | AC26: 0.002 | AD26: 18 | AE26: 10 | AF26: 776 | AG26: 692 | AH26: 1751 | AI26: 242 | AJ26: 492 | AK26: 347 | AL26: 8 | AM26: 357

Sheet Sheet1
A1: 데이터 명 | B1: 출처 | C1: 관련 통계 자료 | D1: 링크
A2: 범죄 발생수 수_2022 | B2: 서울시 열린 데이터 광장 | C2: 서울시 5대 범죄 발생현황 통계 | D2: https://data.seoul.go.kr/dataList/316/S/2/datasetView.do
A3: cctv수_2022 | B3: 서울시 열린 데이터 광장 | C3: 서울시 자치구 (범죄예방 수사용) CCTV 설치현황 | D3: https://data.seoul.go.kr/dataList/OA-21097/F/1/datasetView.do
A4: 가로등 수 | B4: 서울시 열린 데이터 광장 | C4: 서울시 도로 시설물 통계 | D4: https://data.seoul.go.kr/dataList/261/S/2/datasetView.do
A5: 지구대, 파출소, 치안센터 수 | B5: 서울시 열린 데이터 광장 | C5: 서울시 시내주요기관(경찰, 소방관서) 통계 | D5: https://data.seoul.go.kr/dataList/224/S/2/datasetView.do
A6: 공공체육 시설 | B6: 서울시 열린 데이터 광장 | C6: 서울시 공공 체육시설 통계 | D6: https://data.seoul.go.kr/dataList/390/S/2/datasetView.do
A7: 공공 도서관 | B7: 서울시 열린 데이터 광장 | C7: 서울시 공공 도서관(구별) 통계 | D7: https://data.seoul.go.kr/dataList/388/S/2/datasetView.do
A8: 공원 | B8: 서울시 열린 데이터 광장 | C8: 서울시 공원 통계 | D8: https://data.seoul.go.kr/dataList/10052/S/2/datasetView.do
A9: 문예회관 | B9: 공공 데이터 포털 | C9: 서울특별시_문화공간 (지역문화복지시설) 통계 | D9: 서울특별시_문화공간 (지역문화복지시설) 통계_20191231 | 공공데이터포털 (data.go.kr)
A10: 종합사회복지관 | B10: 공공 데이터 포털 | C10: 서울특별시_문화공간 (지역문화복지시설) 통계 | D10: 서울특별시_문화공간 (지역문화복지시설) 통계_20191231 | 공공데이터포털 (data.go.kr)
A11: 청소년 수련 시설 | B11: 공공 데이터 포털 | C11: 서울특별시_문화공간 (지역문화복지시설) 통계 | D11: 서울특별시_문화공간 (지역문화복지시설) 통계_20191231 | 공공데이터포털 (data.go.kr)
A12: 구민(다목적)체육시설 | B12: 공공 데이터 포털 | C12: 서울특별시_문화공간 (지역문화복지시설) 통계 | D12: 서울특별시_문화공간 (지역문화복지시설) 통계_20191231 | 공공데이터포털 (data.go.kr)
... A22: 관리비 | B22: 서울특별시 공동주택 통합정보마당 | C22: 자치구별 관리비 통계 | D22: 정보공개 > 주요통계 > 자치구별 관리비 > 서울특별시 공동주택 통합정보마당 (seoul.go.kr)

Sheet 비율 조정 데이터
A1: 동별(2)
A2: 동별(2) | B2: 주민등록 인구 수(성별, 국적 무관) | C2: 외국인 수/총 인구 | D2: 내국인 수/ 총인구 | E2: 1인 가구/총 인구 | F2: 5대 범죄 발생 건수 | G2: 녹지 개수 | H2: 녹지 면적/ 면적 (제곱킬로미터) | I2: 가로등 수/면적 (제곱킬로미터) | J2: 생활 환경 만족도 종합 | K2: 월평균 소득(2024년1분기) | L2: 유흥업소 수/면적(제곱킬로미터) | M2: 방범용 CCTV/면적(제곱미터) | N2: 대중교통 이용 건수/총 인구 | O2: 경찰서/면적 | P2: 소방서 수/면적 | Q2: 병원 수/면적 | R2: 조이혼율 (천명당) | S2: 황단보도/면적 | T2: 신호등/면적 | U2: 여성안심지킴이집/면적 | V2: 자가용승용차 (대)/인구 | W2: 주택가주차장 (면수)/인구 | X2: 청소년 인구/총 인구
A3: 소계 | B3: 9635445 | C3: =total2!#REF!/total2!#REF! -> #REF! | D3: =total2!#REF!/total2!#REF! -> #REF! | E3: =total2!#REF!/total2!#REF! -> #REF! | F3: =SUM(F4:F28) -> 90399 | G3: =total2!#REF!/total2!#REF! -> #REF! | H3: =total2!#REF!/1000000/total2!#REF! -> #REF! | I3: =total2!#REF!/total2!#REF! -> #REF! | J3: =SUM(J4:J28) -> 159.23 | K3: =SUM(K4:K28) -> 85299060 | L3: =total2!#REF!/total2!#REF! -> #REF! | M3: =total2!#REF!/total2!#REF! -> #REF! | N3: =total2!#REF!/total2!#REF! -> #REF! | O3: =total2!#REF!/total2!#REF! -> #REF! | P3: =total2!#REF!/total2!#REF! -> #REF! | Q3: =total2!#REF!/total2!#REF! -> #REF! | R3: 1.3 | S3: =total2!#REF!/total2!#REF! -> #REF! | T3: =total2!#REF!/total2!#REF! -> #REF! | U3: =total2!#REF!/total2!#REF! -> #REF! | V3: =total2!#REF!/total2!#REF! -> #REF! | W3: =total2!#REF!/total2!#REF! -> #REF! | X3: =total2!#REF!/total2!#REF! -> #REF!
A4: 강남구 | B4: 559720 | C4: =total2!C2/total2!B2 -> 0.0097191453 | D4: =total2!#REF!/total2!B2 -> #REF! | E4: =total2!D2/total2!B2 -> 0.1314568 | F4: 6947 | G4: =total2!F2/total2!W2 -> 10.708861 | H4: =total2!G2/1000000/total2!W2 -> 0.050697456 | I4: =total2!H2/total2!W2 -> 373.94937 | J4: 6.81 | K4: 4943841 | L4: =total2!K2/total2!W2 -> 4.2278481 | M4: =total2!L2/total2!W2 -> 172.88608 | N4: =total2!M2/total2!B2 -> 470.14278 | O4: =total2!N2/total2!$W2 -> 0.58227848 | P4: =total2!O2/total2!$W2 -> 0.17721519 | Q4: =total2!P2/total2!$W2 -> 71.265823 | R4: 1.1 | S4: =total2!Q2/total2!$W2 -> 27.316456 | T4: =total2!R2/total2!$W2 -> 14.227848 | U4: =total2!S2/total2!$W2 -> 2.7341772 | V4: =total2!T2/total2!$B2 -> 0.38261273 | W4: =total2!U2/total2!$B2 -> 0.3777353 | X4: =total2!V2/total2!$B2 -> 0.17138748
A5: 강동구 | B5: 465549 | C5: =total2!C3/total2!B3 -> 0.0089829427 | D5: =total2!#REF!/total2!B3 -> #REF! | E5: =total2!D3/total2!B3 -> 0.12834739 | F5: 3711 | G5: =total2!F3/total2!W3 -> 12.240748 | H5: =total2!G3/1000000/total2!W3 -> 0.024682367 | I5: =total2!H3/total2!W3 -> 332.04555 | J5: 6.35 | K5: 3292857 | L5: =total2!K3/total2!W3 -> 4.1073607 | M5: =total2!L3/total2!W3 -> 139.69093 | N5: =total2!M3/total2!B3 -> 187.98287 | O5: =total2!N3/total2!$W3 -> 0.69133794 | P5: =total2!O3/total2!$W3 -> 0.28466856 | Q5: =total2!P3/total2!$W3 -> 35.258235 | R5: 1.4 | S5: =total2!Q3/total2!$W3 -> 40.992273 | T5: =total2!R3/total2!$W3 -> 25.416836 | U5: =total2!S3/total2!$W3 -> 1.952013 | V5: =total2!T3/total2!$B3 -> 0.27790845 | W5: =total2!U3/total2!$B3 -> 0.33852935 | X5: =total2!V3/total2!$B3 -> 0.14124399
A6: 강북구 | B6: 291372 | C6: =total2!C4/total2!B4 -> 0.017064097 | D6: =total2!#REF!/total2!B4 -> #REF! | E6: =total2!D4/total2!B4 -> 0.17549387 | F6: 2832 | G6: =total2!F4/total2!W4 -> 9.0677966 | H6: =total2!G4/1000000/total2!W4 -> 0.0058952966 | I6: =total2!H4/total2!W4 -> 185.55085 | J6: 5.58 | K6: 2547460 | L6: =total2!K4/total2!W4 -> 2.8389831 | M6: =total2!L4/total2!W4 -> 135.21186 | N6: =total2!M4/total2!B4 -> 302.89728 | O6: =total2!N4/total2!$W4 -> 0.63559322 | P6: =total2!O4/total2!$W4 -> 0.21186441 | Q6: =total2!P4/total2!$W4 -> 19.745763 | R6: 1.7 | S6: =total2!Q4/total2!$W4 -> 46.355932 | T6: =total2!R4/total2!$W4 -> 26.525424 | U6: =total2!S4/total2!$W4 -> 1.059322 | V6: =total2!T4/total2!$B4 -> 0.20791291 | W6: =total2!U4/total2!$B4 -> 0.25666159 | X6: =total2!V4/total2!$B4 -> 0.12869116
A7: 강서구 | B7: 567159 | C7: =total2!C5/total2!B5 -> 0.010178803 | D7: =total2!#REF!/total2!B5 -> #REF! | E7: =total2!D5/total2!B5 -> 0.17754281 | F7: 4663 | G7: =total2!F5/total2!W5 -> 8.6851628 | H7: =total2!G5/1000000/total2!W5 -> 0.027815947 | I7: =total2!H5/total2!W5 -> 251.70084 | J7: 6.62 | K7: 3160623 | L7: =total2!K5/total2!W5 -> 3.0639324 | M7: =total2!L5/total2!W5 -> 81.954162 | N7: =total2!M5/total2!B5 -> 221.97806 | O7: =total2!N5/total2!$W5 -> 0.31363088 | P7: =total2!O5/total2!$W5 -> 0.16887817 | Q7: =total2!P5/total2!$W5 -> 22.219542 | R7: 1.5 | S7: =total2!Q5/total2!$W5 -> 32.955368 | T7: =total2!R5/total2!$W5 -> 15.343788 | U7: =total2!S5/total2!$W5 -> 0.77201448 | V7: =total2!T5/total2!$B5 -> 0.29659055 | W7: =total2!U5/total2!$B5 -> 0.30987959 | X7: =total2!V5/total2!$B5 -> 0.13248489
A8: 관악구 | B8: 497827 | C8: =total2!C6/total2!B6 -> 0.031876535 | D8: =total2!#REF!/total2!B6 -> #REF! | E8: =total2!D6/total2!B6 -> 0.29213562 | F8: 4879 | G8: =total2!F6/total2!W6 -> 10.145418 | H8: =total2!G6/1000000/total2!W6 -> 0.0085451471 | I8: =total2!H6/total2!W6 -> 201.08218 | J8: 6.07 | K8: 2771927 | L8: =total2!K6/total2!W6 -> 6.5268854 | M8: =total2!L6/total2!W6 -> 142.37403 | N8: =total2!M6/total2!B6 -> 333.82754 | O8: =total2!N6/total2!$W6 -> 0.64254312 | P8: =total2!O6/total2!$W6 -> 0.16909029 | Q8: =total2!P6/total2!$W6 -> 24.146094 | R8: 1.4 | S8: =total2!Q6/total2!$W6 -> 36.050051 | T8: =total2!R6/total2!$W6 -> 22.286101 | U8: =total2!S6/total2!$W6 -> 1.724721 | V8: =total2!T6/total2!$B6 -> 0.20006147 | W8: =total2!U6/total2!$B6 -> 0.22562256 | X8: =total2!V6/total2!$B6 -> 0.12578667
A9: 광진구 | B9: 350925 | C9: =total2!C7/total2!B7 -> 0.045080858 | D9: =total2!#REF!/total2!B7 -> #REF! | E9: =total2!D7/total2!B7 -> 0.19773741 | F9: 3619 | G9: =total2!F7/total2!W7 -> 14.654162 | H9: =total2!G7/1000000/total2!W7 -> 0.017032063 | I9: =total2!H7/total2!W7 -> 299.23798 | J9: 6.8 | K9: 3192971 | L9: =total2!K7/total2!W7 -> 0.70339977 | M9: =total2!L7/total2!W7 -> 200.52755 | N9: =total2!M7/total2!B7 -> 272.79758 | O9: =total2!N7/total2!$W7 -> 0.76201641 | P9: =total2!O7/total2!$W7 -> 0.23446659 | Q9: =total2!P7/total2!$W7 -> 33.059789 | R9: 1.3 | S9: =total2!Q7/total2!$W7 -> 53.692849 | T9: =total2!R7/total2!$W7 -> 38.745604 | U9: =total2!S7/total2!$W7 -> 0.87924971 | V9: =total2!T7/total2!$B7 -> 0.2304766 | W9: =total2!U7/total2!$B7 -> 0.26995512 | X9: =total2!V7/total2!$B7 -> 0.13866496
A10: 구로구 | B10: 414271 | C10: =total2!C8/total2!B8 -> 0.055239203 | D10: =total2!#REF!/total2!B8 -> #REF! | E10: =total2!D8/total2!B8 -> 0.14236333 | F10: 3857 | G10: =total2!F8/total2!W8 -> 20.526839 | H10: =total2!G8/1000000/total2!W8 -> 0.033881511 | I10: =total2!H8/total2!W8 -> 431.80915 | J10: 6.63 | K10: 2994059 | L10: =total2!K8/total2!W8 -> 1.5904573 | M10: =total2!L8/total2!W8 -> 211.97813 | N10: =total2!M8/total2!B8 -> 297.84339 | O10: =total2!N8/total2!$W8 -> 0.89463221 | P10: =total2!O8/total2!$W8 -> 0.34791252 | Q10: =total2!P8/total2!$W8 -> 29.870775 | R10: 1.5 | S10: =total2!Q8/total2!$W8 -> 56.063618 | T10: =total2!R8/total2!$W8 -> 34.045726 | U10: =total2!S8/total2!$W8 -> 1.7892644 | V10: =total2!T8/total2!$B8 -> 0.27915302 | W10: =total2!U8/total2!$B8 -> 0.27770228 | X10: =total2!V8/total2!$B8 -> 0.12284954
A11: 금천구 | B11: 240680 | C11: =total2!C9/total2!B9 -> 0.056174173 | D11: =total2!#REF!/total2!B9 -> #REF! | E11: =total2!D9/total2!B9 -> 0.20993851 | F11: 2577 | G11: =total2!F9/total2!W9 -> 16.359447 | H11: =total2!G9/1000000/total2!W9 -> 0.032361905 | I11: =total2!H9/total2!W9 -> 397.00461 | J11: 6.21 | K11: 2632285 | L11: =total2!K9/total2!W9 -> 3.3794163 | M11: =total2!L9/total2!W9 -> 228.72504 | N11: =total2!M9/total2!B9 -> 277.3487 | O11: =total2!N9/total2!$W9 -> 0.9984639 | P11: =total2!O9/total2!$W9 -> 0.23041475 | Q11: =total2!P9/total2!$W9 -> 27.49616 | R11: 1.6 | S11: =total2!Q9/total2!$W9 -> 74.884793 | T11: =total2!R9/total2!$W9 -> 53.379416 | U11: =total2!S9/total2!$W9 -> 0.69124424 | V11: =total2!T9/total2!$B9 -> 0.29808875 | W11: =total2!U9/total2!$B9 -> 0.35778212 | X11: =total2!V9/total2!$B9 -> 0.10676417
A12: 노원구 | B12: 501727 | C12: =total2!C10/total2!B10 -> 0.0092938989 | D12: =total2!#REF!/total2!B10 -> #REF! | E12: =total2!D10/total2!B10 -> 0.12561014 | F12: 3896 | G12: =total2!F10/total2!W10 -> 11.709932 | H12: =total2!G10/1000000/total2!W10 -> 0.019004148 | I12: =total2!H10/total2!W10 -> 268.34086 | J12: 6.25 | K12: 3195375 | L12: =total2!K10/total2!W10 -> 0.59255079 | M12: =total2!L10/total2!W10 -> 73.730248 | N12: =total2!M10/total2!B10 -> 216.73155 | O12: =total2!N10/total2!$W10 -> 0.47968397 | P12: =total2!O10/total2!$W10 -> 0.16930023 | Q12: =total2!P10/total2!$W10 -> 21.218962 | R12: 1.3 | S12: =total2!Q10/total2!$W10 -> 35.665914 | T12: =total2!R10/total2!$W10 -> 19.667043 | U12: =total2!S10/total2!$W10 -> 0.76185102 | V12: =total2!T10/total2!$B10 -> 0.25864066 | W12: =total2!U10/total2!$B10 -> 0.27121323 | X12: =total2!V10/total2!$B10 -> 0.16783629
A13: 도봉구 | B13: 308864 | C13: =total2!C11/total2!B11 -> 0.0081524554 | D13: =total2!#REF!/total2!B11 -> #REF! | E13: =total2!D11/total2!B11 -> 0.12867799 | F13: 2141 | G13: =total2!F11/total2!W11 -> 15.690073 | H13: =total2!G11/1000000/total2!W11 -> 0.01289937 | I13: =total2!H11/total2!W11 -> 243.68039 | J13: 6.36 | K13: 2785111 | L13: =total2!K11/total2!W11 -> 0.92009685 | M13: =total2!L11/total2!W11 -> 106.34383 | N13: =total2!M11/total2!B11 -> 219.31943 | O13: =total2!N11/total2!$W11 -> 0.4842615 | P13: =total2!O11/total2!$W11 -> 0.24213075 | Q13: =total2!P11/total2!$W11 -> 18.159806 | R13: 1.5 | S13: =total2!Q11/total2!$W11 -> 56.658596 | T13: =total2!R11/total2!$W11 -> 33.753027 | U13: =total2!S11/total2!$W11 -> 0 | V13: =total2!T11/total2!$B11 -> 0.24853334 | W13: =total2!U11/total2!$B11 -> 0.29327147 | X13: =total2!V11/total2!$B11 -> 0.13260853
A14: 동대문구 | B14: 360211 | C14: =total2!C12/total2!B12 -> 0.050592569 | D14: =total2!#REF!/total2!B12 -> #REF! | E14: =total2!D12/total2!B12 -> 0.18924741 | F14: 3253 | G14: =total2!F12/total2!W12 -> 22.644163 | H14: =total2!G12/1000000/total2!W12 -> 0.029632068 | I14: =total2!H12/total2!W12 -> 598.94515 | J14: 6.4 | K14: 3030256 | L14: =total2!K12/total2!W12 -> 3.7271449 | M14: =total2!L12/total2!W12 -> 216.38537 | N14: =total2!M12/total2!B12 -> 271.90372 | O14: =total2!N12/total2!$W12 -> 1.4767932 | P14: =total2!O12/total2!$W12 -> 0.42194093 | Q14: =total2!P12/total2!$W12 -> 41.983122 | R14: 1.2 | S14: =total2!Q12/total2!$W12 -> 69.620253 | T14: =total2!R12/total2!$W12 -> 50.843882 | U14: =total2!S12/total2!$W12 -> 2.742616 | V14: =total2!T12/total2!$B12 -> 0.23391012 | W14: =total2!U12/total2!$B12 -> 0.27423649 | X14: =total2!V12/total2!$B12 -> 0.14016229
A15: 동작구 | B15: 389576 | C15: =total2!C13/total2!B13 -> 0.028048442 | D15: =total2!#REF!/total2!B13 -> #REF! | E15: =total2!D13/total2!B13 -> 0.18425673 | F15: 2735 | G15: =total2!F13/total2!W13 -> 15.342298 | H15: =total2!G13/1000000/total2!W13 -> 0.017300006 | I15: =total2!H13/total2!W13 -> 377.20049 | J15: 6.49 | K15: 3454170 | L15: =total2!K13/total2!W13 -> 2.6894866 | M15: =total2!L13/total2!W13 -> 162.34719 | N15: =total2!M13/total2!B13 -> 280.76012 | O15: =total2!N13/total2!$W13 -> 1.1002445 | P15: =total2!O13/total2!$W13 -> 0.30562347 | Q15: =total2!P13/total2!$W13 -> 36.369193 | R15: 1.1 | S15: =total2!Q13/total2!$W13 -> 83.190709 | T15: =total2!R13/total2!$W13 -> 52.322738 | U15: =total2!S13/total2!$W13 -> 1.6503667 | V15: =total2!T13/total2!$B13 -> 0.24278703 | W15: =total2!U13/total2!$B13 -> 0.28280233 | X15: =total2!V13/total2!$B13 -> 0.13868154
... A28: 중랑구 | B28: 387433 | C28: =total2!C26/total2!B26 -> 0.014110827 | D28: =total2!#REF!/total2!B26 -> #REF! | E28: =total2!D26/total2!B26 -> 0.16605194 | F28: 3599 | G28: =total2!F26/total2!W26 -> 15.891892 | H28: =total2!G26/1000000/total2!W26 -> 0.029187784 | I28: =total2!H26/total2!W26 -> 414.48649 | J28: 6.22 | K28: 2598785 | L28: =total2!K26/total2!W26 -> 0.91891892 | M28: =total2!L26/total2!W26 -> 225.02703 | N28: =total2!M26/total2!B26 -> 204.66492 | O28: =total2!N26/total2!$W26 -> 0.97297297 | P28: =total2!O26/total2!$W26 -> 0.27027027 | Q28: =total2!P26/total2!$W26 -> 29.567568 | R28: 1.6 | S28: =total2!Q26/total2!$W26 -> 109.51351 | T28: =total2!R26/total2!$W26 -> 87.081081 | U28: =total2!S26/total2!$W26 -> 1.4594595 | V28: =total2!T26/total2!$B26 -> 0.23618019 | W28: =total2!U26/total2!$B26 -> 0.26198078 | X28: =total2!V26/total2!$B26 -> 0.11764099
